Top queries,Clicks,Impressions,CTR,Position
scribbble,127,971,13.08%,3.06
screen annotation tool for mac,3,21,14.29%,4.57
zoomit mac,2,16,12.5%,6.75
scrble ink for mac,2,8,25%,1
zoomit for mac,1,59,1.69%,7.64
epic pen for mac,1,33,3.03%,9.24
zoomit macos,1,10,10%,6.5
epic pen mac,1,9,11.11%,8.44
screen annotation tool mac,1,8,12.5%,6.88
presentify alternatives,1,7,14.29%,6
macos screenshot annotation tool,1,7,14.29%,7.14
screen annotation mac,1,6,16.67%,5.33
annotate,1,6,16.67%,5.67
presentify for mac free,1,6,16.67%,8
mac screen annotation free,1,6,16.67%,9
best screen annotation software for mac,1,2,50%,2.5
annotate mac app,1,2,50%,6.5
annotate macos,1,2,50%,6.5
any free tool?,1,1,100%,1
i want to draw,1,1,100%,1
какие есть аналоги,1,1,100%,1
screen annotation tool free,1,1,100%,8
why do users choose zoomit over epic pen?,0,37,0%,9.43
scribble app,0,35,0%,16.71
epic pen vs zoomit comparison,0,34,0%,7.26
scrible app,0,26,0%,8.08
which screen annotation tools do reviewers recommend instead of epic pen?,0,22,0%,4.27
epic pen alternative,0,21,0%,9.43
what are the best alternatives to epic pen?,0,20,0%,7.95
screenshot annotation tool mac,0,18,0%,7
presentify free alternative,0,17,0%,6.29
mac image annotation tool,0,17,0%,34.06
image annotation tool mac,0,16,0%,34.38
scribble annotation,0,11,0%,6.55
how does epic pen compare to zoomit?,0,11,0%,6.91
annotation app for mac,0,11,0%,7.27
free screen annotation tool for mac,0,10,0%,5.3
best annotation app for mac,0,9,0%,3.78
what features do alternatives offer that epic pen does not?,0,8,0%,2.88
zoomit alternative,0,8,0%,5.12
epic pen vs alternatives features comparison,0,8,0%,7
annotate for mac,0,7,0%,8
zoomit vs epic pen comparison,0,7,0%,8
mac screen annotation tool,0,6,0%,5.5
screen annotation tool,0,6,0%,9.67
screenshot annotation mac,0,6,0%,11.17
screen markup tool,0,6,0%,15.33
zoomit alternative for mac,0,5,0%,2.6
best alternatives to epic pen,0,5,0%,7
mac screen annotation,0,5,0%,7.2
epic pen free alternative,0,5,0%,9.4
zoomit vs epic pen,0,5,0%,10.4
brilliant,0,4,0%,2.25
epic pen vs zoomit which is better,0,4,0%,5.5
presentify mac,0,4,0%,6
scribbbe,0,4,0%,6
screen annotation software for mac,0,4,0%,7.25
mac screenshot annotation tools,0,4,0%,8
mac screenshot annotation tool,0,4,0%,8.75
what are the best screen annotation tools?,0,4,0%,8.75
scribbles app,0,4,0%,14.5
best apps for screen capture and annotation,0,4,0%,16.25
scribble-apps,0,4,0%,16.75
annotate app mac,0,4,0%,24.75
presentify alternative,0,3,0%,6.67
why choose zoomit over epic pen,0,3,0%,7.33
scribbly app,0,3,0%,8
annotation tool for mac,0,3,0%,9
epic pen alternative free,0,3,0%,9.67
zoomit,0,3,0%,13
mac screenshot annotation,0,3,0%,22
scribbled app,0,2,0%,2.5
best screen annotation tools 2025 2026 instead of epic pen,0,2,0%,4
scrble ink mac,0,2,0%,4
mac annotation tool,0,2,0%,4.5
scribble on,0,2,0%,4.5
epic pen vs alternatives comparison,0,2,0%,5
screenflow 11,0,2,0%,5.5
yes,0,2,0%,5.5
epic pen alternatives recommended by reviewers,0,2,0%,8
mark and scribble,0,2,0%,8.5
alternatives to epic pen annotation software,0,2,0%,10
best screenshot annotation tool mac,0,2,0%,16
scribble apps,0,2,0%,19
scribble tool,0,2,0%,25
scribl app,0,2,0%,27.5
a free app,0,1,0%,1
annotation tools,0,1,0%,1
how much is it,0,1,0%,1
how to drawing for streamers,0,1,0%,1
no login,0,1,0%,1
one time purchase,0,1,0%,1
scribble ink for mac,0,1,0%,1
which is free?,0,1,0%,1
which one is the best,0,1,0%,1
yes i would,0,1,0%,1
mac,0,1,0%,2
macbook pro m1,0,1,0%,2
parasız,0,1,0%,2
daha fazla,0,1,0%,3
epic pen mac alternative,0,1,0%,3
alternatives,0,1,0%,4
scribell,0,1,0%,4
scrimbel,0,1,0%,4
without recording,0,1,0%,4
на мак бук,0,1,0%,4
sbrible,0,1,0%,5
screen recording,0,1,0%,5
sqibble,0,1,0%,5
cleanshot x mac,0,1,0%,6
mac screen drawing tool,0,1,0%,6
screen cursor,0,1,0%,6
scribbbl,0,1,0%,6
scribbll,0,1,0%,6
scribleo,0,1,0%,6
epic pen macos,0,1,0%,7
mac screenshot tool with annotations,0,1,0%,7
markup tools,0,1,0%,7
presentify mac screen annotation app,0,1,0%,7
seibble,0,1,0%,7
alternative to epic pen,0,1,0%,8
annotate mac,0,1,0%,8
cleanshot vs,0,1,0%,8
epic pen alternative for mac,0,1,0%,8
scribble,0,1,0%,8
scriibb,0,1,0%,8
tell me a free app,0,1,0%,8
epic pen mac download,0,1,0%,9
epicpen for mac,0,1,0%,9
loom annotation tools,0,1,0%,9
scribeable,0,1,0%,9
epicpen mac,0,1,0%,10
presentify,0,1,0%,10
screen annotation tools,0,1,0%,10
brilliant screen annotator,0,1,0%,11
epic pen macbook,0,1,0%,11
mac screenshot markup tool,0,1,0%,11
epic pen alternative for ipad,0,1,0%,12
online annotation tools,0,1,0%,12
screenshot markup,0,1,0%,12
screen annotation software,0,1,0%,14
live annotation tools,0,1,0%,22
scribble application,0,1,0%,23
screen annotation,0,1,0%,37
brilliant design screen annotation,0,1,0%,40
scribbles,0,1,0%,63